TERM,MEANING,PRONOUNCED_AS
5-FU,5-fluroro-uracile,
5-HTR,5-hydroxytryptamine receptor (récepteur de la sérotonine),
6-MAM,6-monoacétylmorphine,6-mâme
A1At,α-1-antitrypsine,
A5HIA,"acide 5-hydroxyindolacétique (synonyme de 5-HiAA, 5-Hydroxyindoleacetic acid en anglais)",
AAA,anévrisme de l'aorte abdominale,
AAH,allocation aux adultes handicapés,
AAN,anticorps antinucléaire,
AAP,"antiagrégant plaquettaire",
AAV,adeno-associated virus (virus adéno-associé),
ABCDE,"Asymétrie, Bords irréguliers, Couleur inhomogène, Diamètre supérieur à, Évolution (critères du mélanome)",
ABCDEF,procédure ABCDEF de traitement des urgences extrahospitalières,
ACG,autocontrôle de la glycémie,
ACI,artère carotide interne,
ACM,artère cérébrale moyenne,
ACOMI,artériopathie chronique oblitérante des membres inférieurs,acomi
ACPA,anticorps dirigés contre les protéines citrullinées,
ACR,arrêt cardiorespiratoire,
ACSOS,agressions cérébrales secondaires d'origine systémique,ack-sauce
ACT,artemisinin-based combination therapy (thérapie combinée à base d'artémisinine),
ADAMTS-13,A disintegrin and metalloprotease with thrombospondin type I repeats-13,Adam-T-S-13
ADC,apparent diffusion coefficient (coefficient de diffusion apparent),
ADK,adénocarcinome,
ADL,Activities of Daily Living (activités de la vie quotidienne),
ADMD,Association pour le droit de mourir dans la dignité,
ADO,antidiabétiques oraux,
AEEH,allocation d'éducation de l'enfant handicapé,
AEG,altération de l'état général,
AEJ,apport énergétique journalier,
AEMO,action éducative en milieu ouvert,
AESP,activité électrique sans pouls,
AET,apport énergétique total,
AFP,alpha-fœtoprotéine,
AGL,acide gras libre,
AGMI,apport en graisses mono-insaturées,
AGPI,acide gras polyinsaturé,
AHAI,anémie hémolytique auto-immune,
AHH,axe hypothalamo-hypophysaire,
AJPP,allocation journalière de présence parentale,
ALR,anesthésie locorégionale,
AME,aide médicale d'État,
AMH,hormone de régression müllérienne,
ANC,apports nutritionnels conseillés,
ANOCA,Angina with No Obstructive Coronary Arteries (angine sans obstruction des artéres coronaires),anoca
AOD,anticoagulant oral direct est synonyme de NACO (nouvel anticoagulant oral),
AOMI,artériopathie oblitérante des membres inférieurs,
APHP,Assistance publique - Hôpitaux de Paris,
APLV,allergie aux protéines du lait de vache,
ARA2,antagoniste des récepteurs de l'angiotensine II,à-rà-deux
ARCF,anomalie du rythme cardiofœtal,
ARDS,syndrome de détresse respiratoire aigüe,
ARNm,ARN messager,
ARV,antirétroviral,
ASE,aide sociale à l'enfance,azeu
ASH,agent des services hospitaliers,
ASIA,score ASIA,azia
ASMR,amélioration du service médical rendu,
ASP,abdomen sans préparation,
ATCD,antécédents,
AUC,area under the curve (aire sous la courbe),
AVB,accouchement par voie basse,
AVCi,AVC ischémique,
AVF,algie vasculaire de la face,
AVP,accident sur la voie publique,
AVQ,activités de la vie quotidienne,
BAT,biopsie de l'artère temporale,
BAVU,ballon autoremplisseur à valve unidirectionnelle,ba-vu
BDA,bouffée délirante aigüe,
BDB,bloc de branche,
BDCA,bronchodilatateur de courte durée d'action,
BDLA,bronchodilatateur de longue durée d'action,
BEPS,brevet européen de premiers secours,
BGSA,biopsies des glandes salivaires accessoires,
BHA,bruits hydroaériques,
BHC,bilan hépatique complet,
BHR,bactéries hautement résistantes,
BHRe,bactéries hautement résistantes émergentes,
BLSE,bêta-lactamase à spectre élargi (ou étendu),
BMI,indice de masse corporelle,
BMR,bactérie multirésistante aux antibiotiques,
BOM,biopsie ostéomédullaire,
BPM,battements par minute,
BREF,batterie rapide d'efficience frontale,bref
BSPP, Brigade des sapeurs-pompiers de Paris,
BU,bandelette urinaire,
C1G,céphalosporine de première génération,
C2G,céphalosporine de deuxième génération,
C3G,céphalosporine troisième génération,
CAARUD,centre d'accueil et d'accompagnement à la réduction des risques pour usagers de drogues,ka-rude
CAFA,crise aigüe par fermeture de l'angle,ka-fa
CAMSP,centre d'action médico-sociale précoce,C-A-M-S-P;came-S-P
CAPTV,centre antipoison et de toxicovigilance,C-A-P-T-V;captévé
CATTP,centre d'accueil thérapeutique à temps partiel,
CBC,carcinome basocellulaire,
CBCT,cone beam computed tomography,
CBD,cannabidiol,
CBNPC,cancer bronchique non à petites cellules,
CCA,"chef de clinique assistant",
CCMH, concentration corpusculaire moyenne en hémoglobine,
CCMR,centre de compétence des maladies rares,
CCP,peptides citrullinés cyclisés,
CEE,choc électrique externe,
CEIO,corps étranger intraoculaire,C-E-I-O;cé-èyo
CEIP-A,centre d'évaluation et d'information sur la pharmacodépendance et centre d'addictovigilance,sais-pas
CEPS,comité économique des produits de santé,
CETD,centre d'évaluation et de traitement de la douleur,
CGH,comparative genomic hybridation (hybridation génomique comparative),
CGR,concentré de globules rouges,
CHATOD,centre d’hébergement et d’activités thérapeutiques et occupationnelles pour personnes âgées désorientées,chat-tod
CHR,centre hospitalier régional,
CHRU,centre hospitalier régional universitaire,
CHU,centre hospitalier universitaire,
CICO,"intubation impossible, oxygénation impossible",si-ko
CID,carotide interne droite,
CIG,carotide interne gauche,
CK,créatine-kinase,
CLAT,centre de lutte antituberculeuse,klatte
CLCC,centre de lutte contre le cancer,
CMA,centre médical des armées,
CMF,chirurgie maxillofaciale,
CMPP,centre médicopsychopédagogique,
CMU,couverture maladie universelle,
CMUc,couverture maladie universelle complémentaire,
CNO,compléments nutritionnels oraux,
CNOM,conseil national de l'ordre des médecins,knomme
CNR,centre national de référence,
COVID,coronavirus disease,ko-vide
COX,cyclooxygénase,koksse
CPP,comité de protection des personnes,
CPS, carte des Professionnels de Santé,
CRA,centre ressources autisme,kra
CRAT,centre de référence sur les agents tératogènes,kratte
CRCC,carcinome rénal à cellules claires,
CRCDC,centre régional de coordination des dépistages des cancers,
CREX,comité de retour d'expérience,krex
CRIP,cellule de recueil des informations préoccupantes,krippe
CRMR,centre de référence maladies rares (synonyme de CCMR et de CMR),
CRO,compte-rendu opératoire,
CRPV,centre régional de pharmacovigilance,
CSAPA,"centre de soins, d'accompagnement et de prévention en addictologie",ksapa
CSH,cellule souche hématopoïétique,
CTF,capacité totale de fixation (du fer par la transferrine),
CVC,circulation veineuse collatérale,
CVF,capacité vitale forcée ou capacité vitale fonctionnelle,
CVO,crise vaso-occlusive,
CVT,capacité vitale totale,
CvO2,contenu veineux en oxygène,
CépiDC,centre d'épidémiologie sur les causes médicales de décès,çépi-D-C
DAAP,double anti-agrégation plaquettaire,dappe
DAE,défibrillateur automatisé externe,
DAI,défibrillateur automatique implantable,
DASRI,déchets d'activité de soins à risque infectieux,dassri
DBS,deep brain stimulation (stimulation cérébrale profonde ou thalamique),
DDAC,donneur décédé après arrêt circulatoire,
DDB,dilatation des bronches,
DDCM,date de dernière consultation médicale,
DEC,déshydratation extracellulaire,
DES,diplôme d'études spécialisées (troisième cycle des études médicales en France),D-E-S;dèsse
DEXA,Dual Energy X-ray Absorptiometry (absorptiométrie biphotonique à rayons X),décsa
DFASM,diplôme de formation approfondie en sciences médicales ( à années d’études de médecine en France),D-F-A-S-M;déf-asthme
DFG,débit de filtration glomérulaire,
DFGSM,diplôme de formation générale en sciences médicales ( et années d’études de médecine en France),
DFT,démence frontotemporale ou déficit fonctionnel temporaire,
DGS,direction générale de la santé,
DHBNN,dermohypodermite bactérienne non nécrosante (anciennement érysipèle),
DI,dérivations frontales sur l'électrocardiogramme,D-un
DICV,déficit immunitaire commun variable,
DII,dérivations frontales sur l'électrocardiogramme,D-deux
DIII,dérivations frontales sur l'électrocardiogramme,D-trois
DLCO,diffusion libre du CO,
DLFT,dégénérescence lobaire frontotemporale,
DMARD,traitement de fond antirhumatismal,D-marre;D-marde
DMP,dossier médical partagé,
DMU,dispositif médical à usage unique,
DPI,diagnostic préimplantatoire,
DT1,diabète de type 1,
DT2,diabète de type 2,
DTP,"vaccin combiné contre la diphtérie, le tétanos et la poliomyélite",
DVE,dérivation ventriculaire externe,
DXM,dexaméthasone,
EAL,exploration d'une anomalie lipidique,
ECBC,examen cytobactériologique des crachats,
ECN,épreuves classantes nationales,
ECR,essai contrôlé randomisé,
ECT,"électroconvulsivothérapie",
EDC,épisodes dépressifs caractérisés,
EDM,épisode dépressif majeur,
EDN,examen dématérialisé national,
EFR,épreuve fonctionnelle respiratoire,
EFS,établissement français du sang,
EGFR,récepteur du facteur de croissance épidermique,
EIAS,évènement indésirable associé aux soins ou épine iliaque antérosupérieure,
EMDR,eye movement desensitization and reprocessing (intégration neuro-émotionnelle par les mouvements oculaires),
EMPP,équipe mobile psychiatrie précarité,
EMSP,équipe mobile en soins palliatifs,
ENMG,électroneuromyogramme,
EOGD,endoscopie œso-gastro-duodénale,
EPSM,établissement public de santé mentale,
ERRSPP,équipe régionale ressources en soins palliatifs pédiatriques,
ESA,extrasystole atriale,
ESAT,établissement et service d'accompagnement par le travail (avant 2023: établissement et service d'aide par le travail),E-S-A-T;e-sath;é-sath
ESPT,état de stress post-traumatique,
ETEC,Escherichia coli entérotoxinogène,é-tèk
ETO,échocardiographie transœsophagienne,
ETP,éducation thérapeutique du patient,
ETT,échocardiographie transthoracique,
EUDA,Agence de l'Union européenne sur les drogues,E-U-D-A;heu-da
FCU,frottis cervico-utérin,
FCV,frottis cervicovaginal,
FEVD,fraction d'éjection du ventricule droit,
FEVG,fraction d'éjection du ventricule gauche,
FFI,faisant fonction d'interne,
FLAIR,Fluid-attenuated inversion recovery (atténuation fluidique par inversion-récupération),flaire
FLOTCH,"syndrome dermatologique rare incluant notamment une leuchonychie, des kystes pilaires et/ou à une koïlonychie",flotch
FNAPSY,fédération nationale des associations d'usagers en psychiatrie,fnapsy
FOGD,fibroscopie œsogastroduodénale,
FOP,foramen ovale perméable,foppe
FRCV,facteur de risque cardiovasculaire,
FST,formation spécialisée transversale,
FT,facteur tissulaire,
GABA,acide γ-aminobutyrique (ou gamma-aminobutyrique),ga-ba
GAFA,glaucome aigu par fermeture de l'angle,ga-fa
GB,globule blanc,
GCS,(score de Glasgow),
GDS,gaz du sang,
GEA,gastro-entérite aigüe,
GEM,glomérulonéphrite extramembraneuse,
GFA,glaucome en fermeture d'angle,
GGT,gamma-glutamyl transférase,GGT
GHB,gamma-hydroxybutyrate ou acide gamma-hydroxybutyrique (drogue du viol),
GI,gastro-intestinal,
GIR,groupe iso ressource,
GM-CSF,facteur stimulant les colonies de granulocytes et de macrophages,
GMSI,gammapathie monoclonale de signification indéterminée,
GPAO,glaucome primitif à angle ouvert,
GR,globule rouge,
GREC,"« glace, repos, élévation, contention » (après une entorse de la cheville)",grec
HCQ,hydroxychloroquine,
HCSP,haut conseil de la santé publique,
HDJ,hôpital de jour,
HDT,hospitalisation à la demande d'un tiers,
HEC,hyperhydratation extracellulaire,
HELLP,(syndrome d'hémolyse-hépatocytolyse-thrombopénie),elp
HLH,hémianopsie latérale homonyme,
HNPCC,(cancer colorectal héréditaire sans polypose),
HRP,hématome rétroplacentaire,
HSD,hématome sous-dural,
HSH,homme ayant des rapports sexuels avec des hommes,
HTO,hypotension orthostatique,
HbO2,oxyhémoglobine,
IADE,infirmier(-ière) d'anesthésie diplômé(e) d'État,I-ade
IADL,instrumental activities of daily living (activités instrumentales de la vie quotidienne),
IAO,infirmier d'accueil et orientation (aux urgences) ou insuffisance aortique,
IAS,infection associée aux soins,
IBODE,infirmier de bloc opératoire diplômé d'État,I-bode
ICM,Institut du cerveau et de la moelle épinière,
IDS,idées suicidaires,
IEC,inhibiteur de l'enzyme de conversion,
IFSI,institut de formation en soins infirmiers,if-si
IMC,indice de masse corporelle,
IMG,interruption médicale de grossesse,
INM,intervention non médicamenteuse,
INTI,inhibiteur nucléosidique de la transcriptase inverse,inne-ti
IPA,infirmier en pratique avancée diplômé d'État,
IPDE,infirmière puéricultrice diplômée d'état,
IPDE5,inhibiteur de la phosphodiestérase type 5,
ISR,"isochores, symétriques et réactives (pupilles) ou insuffisance surrénalienne",
ISRS,inhibiteur sélectif de la recapture de la sérotonine,
ITT,incapacité temporaire totale,
IVSE,intraveineuse avec seringue électrique,
JNM,jonction neuromusculaire,
KT,cathéter,
LADA,latent autoimmune diabetes in the adult (diabète de type 1 lent),lada
LAM5,leucémie aigüe monoblastique (leucémie aigüe myéloblastique de type 5),lame-5
LAP,"lésions anopérinéales (notamment lors des MICI), logiciel d'aide à la prescription ou liste des actes et prestations (actes autorisés par le contrôle médical en cas de maladie de longue durée)",lappe
LCA,"lecture critique d'article, ligament croisé antérieur",
LDGCB,lymphome diffus à grandes cellules B,
LEAD,lupus érythémateux aigu disséminé,lède;lïde
LES,lupus érythémateux systémique,
LID,lobe inférieur droit,L-I-D;lïde
LIG,lobe inférieur gauche,L-I-G;ligue
LMC,leucémie myéloïde chronique,
LMD,lobe moyen droit,
LMIEBG,lésion malpighienne intraépithéliale de bas grade,
LMIEHG,lésion malpighienne intraépithéliale de haut grade,
LNH,lymphome non hodgkinien,
LP,libération prolongée (médicament),
LPPR,liste des produits et prestations remboursables,
LPV,"leucocidine de Panton-Valentine",
LSG,lobe supérieur gauche,
LSIL,low-grade squamous intraepithelial lesion,L-çil
MAIA,maison pour l'autonomie et l'intégration des malades d'Alzheimer,maya
MAS,maison d'accueil spécialisé,
MAV,malformation artérioveineuse,mave
MBG,membrane basale glomérulaire,
MCE,massage cardiaque externe,
MCU-PH,maitre de conférence universitaire-praticien hospitalier,
MDO,maladie à déclaration obligatoire,
MDV,mode de vie,
MEOPA,mélange équimolaire d'oxygène et de protoxyde d'azote,méopah
MGG,coloration de May-Grünwald Giemsa,
MMR,mismatch repair,
MNA,(évaluation de l'état nutritionnel),
MOCA,Montreal cognitive assessment (outil d’évaluation des fonctions cognitives),moca
MRKH,syndrome de Mayer-Rokitansky-Küster-Hauser,
MRSA,(staphylococcus aureus résistant à la méticilline),
MSF,Médecins sans frontières,
MSI,microsatellite instability (instabilité des microsatellites),
MT,médecin traitant,
MTEV,maladie thromboembolique veineuse,
MTMV,modifications thérapeutiques du mode de vie,
NACO,nouvel anticoagulant oral,naco
NCC,cotransporteur sodium-chlore,
NFS,numération formule sanguine,
NGS,next generation sequencing (séquençage de nouvelle génération),
NIA,néphrite interstitielle aigüe,
NIHSS,NIH Stroke Scale (score diagnostique et de gravité des accidents vasculaires cérébraux),
NOIA,neuropathie optique ischémique antérieure,noya
NOIAA,neuropathie optique ischémique antérieure aigüe,noya-a
NORB,névrite optique rétrobulbaire,norbe
NOVI,nombreuses victimes,novi
NSTEMI,non ST segment elevation myocardial infarction (infarctus du myocarde sans élévation du segment ST),N-stémi
NT-proBNP,Prohormone N-terminale du peptide cérébral natriurétique,N-T-pro-B-N-P
NTA,nécrose tubulaire aigüe,
NTI,néphrite tubulo-interstitielle,
NTIA,néphrite tubulo-interstitielle aigüe,
NVCI,nausées/vomissements chimio-induits,
NYHA,classification de la NYHA évaluant la sévérité de l'insuffisance cardiaque,
OEDT,Observatoire européen des drogues et toxicomanies,
OGE,organes génitaux externes (voir appareil reproducteur),
OMA,otite moyenne aigüe,
OMAP,otite moyenne aiguë purulente,
OMI,œdème des membres inférieurs,
OPP,ordonnance de placement provisoire,
OPSI,overwhelming post-splenectomy infection,o-psy;oupsie
ORSAN,organisation de la réponse du système sanitaire,hors-sanne
ORSEC NOVI,organisation de la réponse de sécurité civile nombreuses victimes,hors-sec-novi
PAI,"projet d'accueil individualisé",
PASS,permanences d'accès aux soins de santé ou parcours d’accès spécifique santé,passe
PBH,ponction biopsie hépatique,
PBR,ponction biopsie rénale,
PCEM,premier cycle des études médicales (remplacé par la PACES et le DFGSM en 2011),
PCI,produit de contraste iodé,
PDC,"produit de contraste",
PDL,produit dose x longueur en radiologie,
PDS,prise de sang,
PEAG,pustulose exanthématique aigüe généralisée,
PF,paralysie faciale,
PID,pneumopathie interstitielle diffuse,pidde
PMO,prélèvements multi-organes,
PPE,prophylaxie post-exposition,
PPR,pseudo-polyarthrite rhizomélique,
PPROM,(rupture prématurée des membranes),P-prome
PRADO,programme d'accompagnement du retour à domicile,prado
PSDP,pneumocoque de sensibilité diminuée à la pénicilline,
PSE,pousse-seringue électrique,
PSL,produit sanguin labile,
PTG,prothèse totale du genou,
PTH,prothèse totale de hanche,
PU-PH,professeur des universités – praticien hospitalier,
PUI,pharmacie à usage intérieur,P-U-I;puï
PVL,Penton-Valentine Leucocidine,
PaO2,pression artérielle partielle en oxygène,
QRS,complexe QRS,
QSOFA,Quick Sepsis-related Organ Failure Assessment,Q-sofa
QSP,quantité suffisante pour,
RACS,retour à une activité circulatoire spontanée,racksse
RAI,recherche d'anticorps irréguliers,R-A-I;räye
RCF,rythme cardiaque fœtal,
RCH,rectocolite hémorragique,
RCIU,retard de croissance intra-utérin,
RCT,randomized controlled trial (essai randomisé contrôlé),
RETEX,retour d'expérience,retex
RGO,Reflux gastro oesophagien,
RHD,règles hygiénodiététiques,
RHJ,reflux hépato-jugulaire,
RIPH,recherche impliquant la personne humaine,
RMM,revue de mortalité et de morbidité,
ROR,rougeole-oreillons-rubéole,
ROS,reactive oxygen species (dérivé réactif de l'oxygène),
ROT,réflexe ostéotendineux,R-O-T;rotte
RQTH,reconnaissance de la qualité de travailleur handicapé,
RR,risque relatif,
RS,rythme sinusal,
SA,semaines d'aménorrhée,
SAF,syndrome d'alcoolisation fœtale,saffe
SAMSAH,service d'accompagnement médico-social pour adultes handicapés,çamme-çah
SAOS,syndrome des apnées obstructives du sommeil,
SAPL,syndrome des antiphospholipides,
SARM,Staphylococcus aureus résistant à la méticilline,çarme
SARV,Staphylococcus aureus résistant à la vancomycine,çarve
SAS,syndrome d'apnées du sommeil,çasse
SASM,sensible à la méticilline,çassme
SB,substance blanche,
SBHGA,streptocoque bêta-hémolytique du groupe A,
SBI,syndrome biologique inflammatoire,
SCAM,sortie contre avis médical,çcame
SCM,(muscle) sterno-cléido-mastoïdien,
SDRA,syndrome de détresse respiratoire aigüe,sdra
SERM,modulateurs sélectifs des récepteurs aux estrogènes,çerme
SESSAD,services d'éducation spéciale et de soins à domicile,çè-Sade
SFU,signes fonctionnels urinaires,
SGA,streptocoque du groupe A,
SGB,streptocoque du groupe B,
SHA,solution hydroalcoolique,chat
SHU,syndrome hémolytique et urémique,
SIB,syndrome inflammatoire biologique,
SJSR,syndrome des jambes sans repos,
SLA,sclérose latérale amyotrophique,
SLD,soins de longue durée,
SMIT,service des maladies infectieuses et tropicales,smitte
SMR,"service médical rendu",
SNG,sonde naso-gastrique,
SNS,système nerveux sympathique,
SNV,système nerveux végétatif,
SOFA,évaluation des défaillances d'organes liées au sepsis,sofa
SOPK,syndrome des ovaires polykystiques,
SPA,spondylarthrite ankylosante,
SPCMD,sédation profonde et continue maintenue jusqu'au décès,
SPDRE,soins psychiatriques à la demande du représentant de l'État,S-P-D-R-E;sdreuh
SPDT,soins psychiatriques à la demande d'un tiers,
SPF,Santé Publique France,
SPL,soins psychiatriques libres,
SPPI,soins psychiatriques péril imminent,
SPSC,soins psychiatriques sans consentement,
SRAA,système rénine-angiotensine-aldostérone ou substance réticulée activatrice ascendante,
SSIAD,service de soins infirmiers à domicile,S-S-I-ade
SSMG,Société Scientifique de Médecine Générale,
SSPI,salle de surveillance postinterventionnelle,
SSPO,salle de surveillance postopératoire,
ST,segment ST à l’ECG,
ST-plus,sus-décalage du segment ST,
STEC,shiga toxin-producing Escherichia coli (Escherichia coli productrice de shigatoxines),stèk
STEMI,ST elevation myocardial infarction (infarctus du myocarde avec sus-décalage du segment ST),stémi
SURSAUD,surveillance sanitaire des urgences et des décès,sur-saut
SVCR,syndrome de vasoconstriction cérébrale réversible,
SaO2,saturation artérielle en oxygène,
TACFA,tachyarythmie complète par fibrillation atriale (= auriculaire),tack-fa
TAP,thoraco-abdomino-pelvien,tappe
TCC,thérapie comportementale et cognitive,
TDA,trouble du déficit de l'attention,T-D-A;tadah
TDAH,trouble du déficit de l'attention avec ou sans hyperactivité,T-D-A-H;tadache
TENS,(neurostimulation électrique transcutanée),tènsse
TFPI,inhibiteur de la voie du facteur tissulaire,
THC,tétrahydrocannabinol,
TJ,turgescence jugulaire,
TLCO,transfer factor for carbon monoxide (capacité de transfert du monoxyde de carbone),
TNM,(classification tumeur-nœuds-métastases),
TOP,trouble oppositionnel avec provocation,T-O-P;toppe
TP,taux de prothrombine,
TPO,thyroperoxydase,
TQ,Temps de Quick (test de coagulation lié au taux de prothrombine),
TRAK,TSH-Rezeptor-AutoantiKörper (Anticorps anti-récepteur de la TSH),traque
TRALI,(Œdème pulmonaire lésionnel post-transfusionnel),trali
TRC,temps de recoloration cutanée pour estimer la pression artérielle,
TROD,fest rapide d'orientation diagnostique,trodde
TSA,"troncs supra-aortiques, trouble du spectre de l’autisme",
TUS,troubles liés à l'usage de substances,
TVP,thrombose veineuse profonde,
TVPD,thrombose veineuse profonde distale,
TVPP,thrombose veineuse profonde proximale,
TVS,thrombose veineuse superficielle,
ToF,temps de vol,T-O-F;toffe
UA,urgence absolue ou urgences ambulatoires,
UFC,unité formant colonie,
UHCD,unité d'hospitalisation de courte durée,
UHSA,unité hospitalière spécialement aménagée,
ULIS,unité localisée pour l'inclusion scolaire,Ulysse
UMASP,unité mobile d'accompagnement et de soins palliatifs,
UMB,unité mère-bébé,
UME,unité mère-enfant,
UMF,unité de médecine familiale,
UNACS,union nationale des associations citoyennes de santé,unacksse
UNAFAM,union nationale des familles et amis des maladies souffrant de troubles psychiatriques,une-affame
UNCAM,union nationale des caisses d'assurance maladie,
UR,urgence relative,
USI,unité de soins intensifs,üzi
USIC,unité de soins intensifs cardiologique,ü-zik
USIP,unité de soins intensifs de pneumologie,ü-zippe
USLD,unité de soins de longue durée,
USP,unité de soins palliatifs,
VAC,(thérapie par pression négative ou traitement des plaies par pression négative),vak
VACTREL,"syndrome de malformations vertébrales, atrésie anale, anomalies cardiaques, fistule trachéo-oesophagienne, anomalie rénale, anomalie des membres",vaktrel
VAD,visite à domicile,
VAS,voies aériennes supérieures,
VBEH,voies biliaires extrahépatiques,
VBIH,voies biliaires intrahépatiques,
VCI,veine cave inférieure,
VCO2,débit de CO2 expiré,
VCS,veine cave supérieure,
VD,ventricule droit,
VES,volume d'éjection systolique,
VHL,von Hippel-Lindau,
VM,valve mitrale ou ventilation mécanique,
VNI,ventilation non invasive,
VNR,valeur nutritionnelle de référence,
VS-PAP,ventilation spontanée en pression aspiration positive (CPAP en anglais),V-S-pappe
VS-PEP,ventilation spontanée avec pression expiratoire positive,V-S-peppe
VSAI,ventilation spontanée avec aide inspiratoire,
VSAV,"véhicule de secours et d'assistance aux victimes (depuis 2022, renommé VSSUAP, véhicule de secours et de soins d'urgence aux personnes)",
VSL,véhicule sanitaire léger,
Vmax,"consommation maximale d'oxygène, exprimée en L/min",V-max
aVL,dérivations électrocardiographiques unipolaires,
aVf,dérivations électrocardiographiques unipolaires,
aVr,dérivations électrocardiographiques unipolaires,
gamma-GT,gamma-glutamyl transférase,gamma-G-T
mMRC,modified Medical Research Council (échelle d'évaluation des dyspnées),
rTMS,stimulation magnétique transcrânienne,
t-PA,tissue plasminogen activator (activateur tissulaire du plasminogène),
tDCS,stimulation transcrânienne à courant direct,
u-PA,urokinase-type plasminogen activator,
